x,y,label
-8.80692963337657,7.248032529817364,0
-10.45062152134586,5.293447439073677,0
-0.8334574485886674,3.7216873810195263,1
-7.8000443433725755,5.8912390457439425,0
-6.628308423542773,7.540552001847342,0
-2.319297535850737,5.60990965744829,1
-6.355472535093248,4.817864921598961,0
0.10482859354311769,3.824553101200933,1
-8.679733323188442,5.720289256690002,0
-8.350900134202632,3.8609623145954295,0
-6.997323333299451,4.45868854786496,0
-6.474509871026209,8.299793119284658,0
-8.171993850959504,7.66787473133903,0
-8.811344374620628,2.7876412539374087,0
-8.408600585242056,4.836078965425167,0
0.21491501765260956,2.5189793310245685,1
-1.5420421080938915,2.7632341440336106,1
-8.218862192554782,6.858853911427467,0
1.3234527952570718,5.681233286198054,1
-8.475258829893546,2.7908169546496193,0
0.2612623679881956,6.853441536776428,1
-0.6631682927334066,4.457001414863223,1
-2.752527228925997,5.838067374064842,1
-2.2074037436214744,1.8831084600721648,1
-9.299502212748099,6.093033209111027,0
-0.14659473143696067,3.918735026949778,1
-4.237694896391345,5.6097469743362645,1
-9.460909331065613,5.018724279330735,0
0.33261336817365894,4.504031102335271,1
-9.411864129459788,5.890665663330504,0
-8.110314729955235,7.39830317643911,0
-0.04224012640378372,3.24288420407939,1
-7.137794692924951,5.584379386518165,0
-4.425401697037192,1.9727666337158105,1
-2.4267266361288504,7.7230777684480465,1
-1.4333264012207885,4.8004154089137945,1
-8.319776591580462,4.853519313558578,0
-6.765493928118055,7.2985521186639355,0
-9.57159035767627,5.535061446791969,0
-3.9486408963842194,1.5529013583496534,1
-0.4187952335198406,6.041320878860565,1
-1.6662727692400083,1.246407640567059,1
0.7347637554214339,6.464889056213324,1
-9.23207151144232,3.4781076724051467,0
-8.632568980989344,5.381344583113996,0
-0.9972894653797193,6.131066364689199,1
-5.714400778555325,7.274426496213696,0
-2.9074780494591654,3.9067126039465814,1
-7.678551477682209,6.2007645356723184,0
-8.316182134631639,8.214619827121865,0
-1.8023273116859864,2.417061212153437,1
-0.15294214704975473,6.602955966280401,1
-8.299996818129287,7.899559077976304,0
-4.517225742948373,2.0920874860577334,1
-2.8732134863523546,4.528173927808426,1
-7.985614539290036,4.95214312713812,0
-1.9157112962415477,4.580023362077422,1
-7.4396401586575855,5.63272206998021,0
-8.970554223091684,6.097661911846391,0
-2.2534516776569107,6.907178825262568,1
0.7298605384800134,5.185961969003343,1
-2.1299700488387776,5.235812341228854,1
-7.792872794814063,3.8449637940791197,0
-8.116061117473258,7.013220054545032,0
-8.546830124480667,6.415096859293023,0
-10.238246573699357,5.93983631072767,0
-9.611519326318522,6.392176520384814,0
-11.115555155570199,6.455062814924038,0
0.09191466954250838,1.788450779184549,1
-4.835048478038791,6.460819269147841,1
-1.0308712271232645,3.351328409746233,1
-8.332786333163423,3.459942964873182,0
-9.995341057851084,5.299573339428887,0
-7.035547853826644,3.547926972626614,0
0.6421580050495495,4.626363539025395,1
-10.436902489947329,6.032303150725156,0
-7.416279104545892,4.395137099871463,0
-1.7856641889933313,5.230034425440271,1
-7.768169288298997,6.835376951125111,0
-7.327882894687471,6.73970127042243,0
-7.891227743879527,5.780829891683141,0
-9.676417460156982,5.929295995697687,0
-9.021221450003837,4.843293201388659,0
-0.6200555026865767,5.4099184560903035,1
-5.44321644689097,2.864568426945233,0
-10.258102465514499,5.032245966544112,0
-0.31264071120276116,4.558294230596393,1
-8.770411075163608,6.299983433211604,0
-9.014212410638436,5.145658494223119,0
-8.222861804162758,3.6089796264305276,0
-8.102991501636168,3.0111396910999666,0
-3.2781495317002665,1.742069477651016,1
-7.976216949106584,5.715405594902989,0
-1.609375115883404,7.515905807958222,1
-11.044684104770317,5.333080492581999,0
-1.988179559361817,4.162441579593595,1
-7.924287547562151,3.132503883819513,0
-8.834964358261423,7.133049156119272,0
1.9431689951658595,6.050124664508875,1
-10.281683282002675,6.583094099682851,0
-4.539728784357907,7.2389902447915535,0
-6.908911765209844,5.655769015372727,0
-0.8901452233811395,5.086731640180412,1
-0.25109525058388915,6.725473179915649,1
-8.816558336166755,6.577833707175087,0
-8.102862697049199,7.080204465448336,0
1.3530958445354604,4.751987974248563,1
-0.6533899830498535,6.234721047470913,1
-6.746894371187617,4.430298923027552,0
-6.3274799977078775,4.5862732446198216,0
2.4572642105105325,4.496002062562647,1
-10.857952273013364,6.051105220124627,0
-7.981421141072124,7.91931081471823,0
0.9092276609965064,8.237267439043535,1
-8.553309832936261,6.748066661090032,0
-9.6437270395209,4.554120394881492,0
-1.0783257076484212,5.140598246792324,1
-8.436318124836754,3.774472940308458,0
-5.228298331416808,6.315186456232695,0
-0.162768766591332,3.613797586051595,1
-0.5834784860450933,3.010083343187865,1
-6.936111870739246,6.495619320378205,0
-8.611804693067048,4.979286230956241,0
-2.8087588940231,4.307983604776685,1
-9.666572431255815,7.122351312466252,0
-2.691072852470882,3.635303221811522,1
-1.4386665281598967,4.156100509110914,1
-2.62455010169275,5.720722006198454,1
0.20544202516565413,6.820270760731267,1
-1.7887668111589274,4.155914317997615,1
-1.1403120966469595,5.217663380134836,1
-6.881037270234384,4.793529743879908,0
1.5014258675918248,7.483647370389848,1
0.22977075853030415,5.184571173010093,1
-10.018619072924807,5.622413181784168,0
0.5245130505528792,3.6160651272798447,1
-9.891629174708068,5.317108864753025,0
-8.988819179917428,8.559437220588146,0
-9.555075013837927,3.9614629222397375,0
-2.799862838447588,5.308598683528392,1
-9.119565756857702,6.6265210665520495,0
-0.19244857617366695,3.5641232255281405,1
-2.8737236652312763,4.359929083326291,0
-3.8917047733007326,2.457734699893788,1
-8.504404439112955,6.603764702888347,0
-10.996283088668722,4.475285092810261,0
-3.1422543211667557,5.029102248106224,1
-2.994211863911903,7.2387101795887245,1
-6.931113437494601,6.052194122937957,0
-7.755109760926189,7.290147887440914,0
0.29258799971082694,4.627418464536344,1
-3.2112112754071793,4.396429507066766,1
0.47936195701009865,4.028538401622476,1
-7.595842020875529,6.68098222809171,0
-5.3049302981906035,6.164901606373771,0
-8.1686861964207,5.163201364249917,0
-7.709153099466125,5.09656058298702,0
-9.510802681148633,8.394499427760124,0
-4.797592656390732,4.948837089714594,1
-0.5517550602839905,2.7533834678123386,1
-9.218703285583947,6.5144925284756106,0
-7.869318788005746,3.372917032364726,0
-8.347210316086645,7.672897543028228,0
-1.1610244490739734,6.4761093985024,1
-10.718219374984574,4.944259328353022,0
-1.1369575965778718,3.983435108953053,1
-7.266377840028272,2.1811071857228246,0
-8.510488312796161,6.087371677428345,0
-8.002139535502627,6.94417956771331,0
-3.3120739962372023,4.503703078651471,1
-1.3332864215520488,2.3606127966920614,1
-10.769775758177744,6.400974441891958,0
-1.7857245386013554,3.7928876602816874,1
-8.319154879457981,4.260500052725709,0
-12.878265037768486,5.633536252087057,0
-7.377128214338546,5.398422692883324,0
-7.1331592794627205,3.7188270026048325,0
-10.620019215836825,7.015529135468647,0
-7.3286689273750385,6.645782698314379,0
-1.124867805426141,2.589249808523056,1
-7.43303524082068,6.1181133991821195,0
-5.269655350145978,6.834297933837711,0
-8.648000103474452,6.437594777057081,0
-0.4669736199388388,1.84542726513796,1
-7.381307910645337,4.413902818552113,0
-2.1146466009523417,2.6165137979987083,1
-7.381396574288087,5.928100788431513,0
1.811514195769465,4.979974587744003,1
-1.791446691421355,4.279186857153354,1
-9.573257819930047,6.979127951784582,0
-7.597604445617768,6.059432536359269,0
-2.0190308600027898,3.843952484096503,1
-8.686294268902936,2.5585977339505366,0
-0.9788130075607175,5.0925721277030425,1
-8.923606873022326,3.140612170862333,0
-9.279733709079057,5.998673712411747,0
-0.583968453321639,7.135041051897089,1
-8.215713475364327,5.716700206956041,0
-1.9118525511111844,3.4633964356496287,1
-9.637167364705187,6.545657808478914,0
-10.288749473161424,3.9122252126197328,0
-6.576182538622727,3.5797063738280865,0
-8.377280855931252,7.159628044954424,0
-1.7114660208518604,3.7883483822180635,1
-2.291743303414294,5.3902964387328245,1
-10.42154501671093,4.405296613040393,0
-8.835384703176922,7.998885915468225,0
-1.0638817481210208,0.17830570179999405,1
-9.15678475766172,6.8552590152632655,0
-1.308163640010587,5.03522457826269,1
-7.956542455092316,4.288739765497173,0
-0.30834376158443666,5.274490265442436,1
-9.801913377433877,3.149737934595355,0
-6.465257316603146,3.9246591524087444,0
-10.40318460405818,6.368545185583549,0
-2.092368481749417,5.6034831545102515,1
-8.405153319797833,3.017038458783038,0
-6.916885171272531,5.753607149692316,0
-8.089476945803886,5.222026405372244,0
-8.815867733561369,4.53316911594593,0
-11.045374743421585,7.155004305591313,0
-7.97312127648387,7.349188450995892,0
-10.149307288506401,5.7841036371933425,0
-2.4673379827972175,2.6376149286456503,1
0.39161632780741984,5.3075293894437126,1
-2.2648962132399095,1.8785876600621907,1
-0.8499106593007149,3.9169333409053326,1
-6.6573263372018925,5.73733787411077,0
-7.4712274959921015,7.206933253005866,0
-9.131306888187613,6.950252827743733,0
-7.750595641224163,5.503645434749255,0
-1.159199867480871,4.987857401584435,1
-12.10504119083868,4.611295439669558,0
-0.496434848935269,4.849094976643425,1
0.19733339157822827,4.273970215913696,1
-1.2667370119389367,8.299543142247298,1
-1.5867836749826738,1.6447319362647148,1
-9.544116814189259,4.291690736012442,0
-8.421321950635122,6.2504018975967055,0
-10.199001726269804,5.196288818575553,0
-0.48306913531986906,6.548075028890265,1
-0.9188406383641856,6.554061760595371,1
-1.4813769587244738,4.6403052606845,1
0.6157375682878188,4.031423148602178,1
-6.191080361882719,5.8493262187289865,0
-6.698617612896699,6.087455846477939,0
1.0826832259393133,4.019202229415654,1
-7.111762486226178,3.9782675401598584,0
1.3272552392007633,4.019592040753782,1
-4.4098659803354865,3.0319488754458286,1
-0.4533907719717334,3.6811836692164945,1
-8.24157608247564,4.458331449168742,0
-3.2491913008970292,4.993330120497629,1
-0.6948980982064319,7.6614385244358925,1
-9.693073680602946,6.085267316688494,0
-1.0443254606636825,1.3292286934123085,1
-4.252172129320059,8.769872373577572,0
0.855824734706601,3.3174385379979903,1
-8.831725168621729,5.086631992378286,0
-1.5054783812717594,5.534933724391843,1
-1.5516194437925779,6.434634898052481,1
1.5153528436310317,4.843771793246139,1
-12.236915738499722,6.6905945460033545,0
-0.6599167797158545,4.808492010841782,1
-2.0318707618009113,-0.6602460366734171,1
-9.400341591507967,7.499505337599933,0
-8.676888850937962,4.7677561629651315,0
-1.38461621330378,2.7847710008612476,1
-4.78469988826131,4.527823720658071,0
-2.451135138330889,5.304326296148962,1
-2.4518218416278073,5.7299422465884735,1
-2.51092423791576,4.221561034200631,1
-6.429158722886288,6.62742445479757,0
-6.332029418574379,5.238567007511984,0
-10.080198999814774,7.9642521260544985,0
0.0042790873213161,4.841233414152942,1
-9.28926568345339,7.035858158792777,0
-0.13483446092481155,4.014381460927689,1
-7.068816609471537,5.009716222501127,0
-2.953031702888757,4.782651226023419,1
0.4153667915619772,4.083854606116647,1
-1.0700021256303347,8.138933572430028,1
-8.130769017825374,4.692598656014246,0
-8.577840737285152,3.699405058141421,0
-7.928569054674705,6.375573070947309,0
-9.128860815272013,7.719570918563768,0
-9.46861977524051,4.54607640604647,0
-9.778559680964216,5.215520094124594,0
-1.90038037604225,8.425066489598239,1
-9.909513854465835,2.967908214457024,0
0.7098281594546254,3.531388944989654,1
0.060379086110837754,4.6776686989688585,1
-2.1385244930692973,5.927389852650025,1
-0.5260885776604645,2.4818009714897613,1
-0.3157453922278076,4.3751601795751665,1
-1.9032931168109952,4.983253530643065,1
0.17050755468075152,3.7535655048134315,1
-5.7866031603587285,4.634358860892998,0
0.080470000036307,8.689028172644617,1
-0.9241746380909887,3.489163001442652,1
-3.662098228278567,9.725505338215212,0
-7.282846464409933,2.9755114732030012,0
-4.762781036059856,5.06460949125193,1
-8.504244882591523,4.574155243337408,0
-9.041047508763386,4.918409608315288,0
-2.5722485032978186,7.586511008597725,1
-0.33027802766686243,5.722498365573211,1
-8.420004909598154,8.188086596027992,0
-5.07627643846619,5.854756561696106,0
-7.656139807289679,5.914391083980035,0
-5.533363185003856,5.611856804748745,0
-1.9327999795071622,6.619118633886085,1
-3.157808114832074,4.6915149025168,1
-1.2477490308643218,6.7857898897771936,1
-0.03182208585800006,4.598990531375657,1
-7.525546673795163,9.361363525618007,0
1.0096710210858095,5.736951869280168,1
-9.381061657330891,4.071384243240139,0
-1.2803821891129192,3.3410020348713614,1
-0.719357949149114,4.092316119545597,1
-9.644857282291875,7.987934046884924,0
-9.021080096568893,3.489986794740782,0
-2.134318836568421,5.22317244794482,1
-7.946234455516493,5.320258111975392,0
-2.8542159615394045,5.053363288100283,1
-6.939955162545981,4.042500324011493,0
-1.8784667925857121,6.693869744428298,1
-9.839927152498413,3.7117907859995753,0
-10.055254341753146,6.82385937601009,0
-2.7525484015722226,5.226241762931037,1
-8.661850967369968,6.256483717002839,0
-0.8073891211238386,5.512483198082014,1
0.06127474039788794,1.5209303485918357,1
-0.11196241849142852,6.489127634955215,1
-9.719048973498925,3.3494724150776896,0
-0.08852684893880802,2.319240127612535,1
-1.3525353184980013,5.389656875994644,1
-0.26765743285054344,3.517089642976966,1
-1.9058636110320875,5.079755747559434,1
-1.2588394933039173,5.423018164077354,1
-6.607307563109581,5.647351277082298,0
-3.098376982896723,3.842793844438518,1
-7.945413456155874,4.431952062238908,0
-4.222381415793597,3.605318205045002,1
2.488089110744115,4.844002886953816,1
-10.38358128813395,3.9183489470816957,0
-5.487955679914615,6.920263148456331,0
-13.405841837669115,3.1695750544639907,0
-8.701251009095404,4.889178097515317,0
-8.46255790994866,8.08483215906724,0
-9.33154283648926,4.751217387752307,0
-5.827514958761177,6.529510719713702,0
-6.240938252643793,2.3857660941309478,0
-3.1855525609087527,4.9971427991050525,1
-8.287338308944266,2.632286450389963,0
0.5231433586503291,3.7933218642551036,1
-0.7364581848634939,6.414838086489848,1
-7.985317783831466,3.902383041518751,0
-8.296703833019833,3.84841497961356,0
-6.655001257741873,6.1221816331998795,0
-7.7624966953480925,5.911447468433599,0
0.04328121792842632,5.445650566722843,1
-2.874554219408703,1.5164156280997743,1
-9.841697087014863,5.758164591653041,0
-10.11555831286045,5.083760081564929,0
-6.956697044855995,5.813819498410001,0
-8.214753752534216,5.7343462135561065,0
-2.3324463583841286,4.472901607702218,1
-1.9122905269906907,4.39348011499562,1
-4.131782139043347,4.582204848489396,1
-7.762559754194989,5.308698440946782,0
-1.0004635713598469,3.6282135292373843,1
-9.841685578434165,4.887081235558769,0
0.25374999089155725,3.175411427775524,1
-8.08119606104743,6.158136026671185,0
-2.652894232888288,1.6313530142103083,1
-1.48350743004659,4.477039433396967,1
-8.450651900558814,2.728537857921687,0
-9.289694664352576,8.106961145754337,0
-9.008205896972038,3.229729504528429,0
-12.22979593352986,5.722994707294894,0
-1.3465671411734432,3.215351322252612,1
-1.1799282491794296,5.19661609854834,1
-0.2610531966497962,3.798429471336984,1
-3.8401519771580648,4.363266470998632,1
-4.067906710524177,5.035606060891055,1
-6.649076483726296,5.913907992482525,0
-10.293253073585175,5.091391119646011,0
-1.9694796826789558,3.7922092440066533,1
-1.9341605609900154,6.338279452924877,1
2.7380216852624066,3.575843106236868,1
-2.5130963994796094,3.0759719745440632,1
-2.7868307972100297,4.383534116502325,1
-8.160132218876258,7.498428291922455,0
-8.934608398954106,6.078069208434132,0
-8.836550915349859,5.96865757045748,0
-7.948607523391079,4.397599263716868,0
-11.298539280774179,6.2016692176986385,0
-1.5678261181043367,6.135949816064832,1
-1.3240678387869624,4.637504010738792,1
-1.4734082837369726,4.474210306179918,1
0.9133632638238249,6.441742651199666,1
-10.025990110564784,6.271552686886599,0
-8.619404238173285,7.124960177157597,0
-2.96820590648691,3.4592581076662547,1
-3.556666559416605,6.620604874812159,1
-10.27180609484737,4.65475589907067,0
-2.62981314872862,5.099650337461065,1
-10.59454254892756,6.045665587454341,0
-2.604437589300553,5.184184668582917,1
-6.375719197086508,7.978463027475176,0
-0.6531115776689377,1.976485351585048,1
-9.661919852848165,7.314328055323085,0
-1.1782343364527819,2.452686247588082,1
0.8260200587110638,6.025563774886956,1
-1.6741447269753547,7.829927804130074,1
-0.6715977288042463,5.540056683090925,1
-1.2215429090688867,5.868324862975573,1
-9.641875576049262,5.416816087834092,0
-6.9806518089586636,2.744912259261838,0
-8.907023419315655,2.3384573767248926,0
-7.800552646481428,6.833539731206053,0
-0.6172224431932316,5.280746285262341,1
-6.514382831561163,9.061211146153909,0
-1.901292183798465,3.885739047361998,1
-8.163994205120044,5.851496153232955,0
-1.0727866117453932,3.467033867908031,1
-2.017139018010154,4.079231142783481,1
-7.58235176168334,4.816845331963247,0
0.833189349418201,1.7455146906566008,1
-3.4515644056487615,1.4982599260925804,1
-2.0808632592828222,4.09131534855056,1
-9.493429208409143,2.679690847677019,0
-11.537098602901034,5.77160658215556,0
-2.489780084842238,4.632748203441161,1
-2.751544609545409,6.7841897937641695,1
-3.1173422982960552,4.137796750679643,1
-1.1006998082284858,3.5492154792854684,1
-8.857762875721656,5.44407586311474,0
-9.511270876477958,6.634480182894637,0
-8.716370388352768,2.7683967068444852,0
-4.7009608425740055,5.7737946707570655,0
-10.665609762887566,6.768222861486118,0
-6.960476053081522,3.2872911529262088,0
-7.586908900351725,4.868878851044037,0
-9.304447015902843,6.317235751717757,0
-6.482407375772335,6.9006501417045945,0
-9.423677074998539,3.6747085949635188,0
-8.816108125221549,2.114248691125837,0
-1.8854271556817577,2.8040870163161022,1
-1.2638539666200097,4.432572272559534,1
-9.073310332660958,6.634996476809315,0
-6.8208515262717295,6.484132674053574,0
-7.442980473721824,6.409020345736987,0
-4.353398237068717,4.652106801264652,1
0.775261633999722,3.4941247491110685,1
0.929778227214273,6.134181829463948,1
-4.993613619144199,1.7833308726308275,1
-0.8545138367497113,6.366303861852832,1
0.22156429015107904,4.8955807763601955,1
-2.464184928237641,2.271721565548363,1
-10.259114540664235,6.531122825166779,0
-6.17508281679631,5.499057452143407,0
-0.9333781597358262,6.036372430964619,1
-1.2926002753426675,5.902896967126556,1
-0.9490329612364656,3.907374772063812,1
-9.264579507047426,7.822334644153765,0
-9.120934483261413,6.444167341146308,0
-8.474508684671349,4.029065339473457,0
0.7350394649293621,4.08169659642639,1
-8.646614486647863,4.440190595119553,0
-6.068524579853799,5.258003097574195,0
1.1398178593699622,3.870855514026668,1
0.7218998953422444,7.109818861498773,1
-0.18985454211016295,4.683925480029371,1
1.6485825924525543,6.760424300536526,1
-0.7651299609144332,5.1894136049311275,1
-7.3383018784179965,6.23999169275917,0
0.372924232469773,5.487882087476041,1
-8.54645186029789,3.2772899261677733,0
-4.517389889366997,4.003101588747566,1
-8.042775603708236,4.759008453760929,0
-9.520296843849101,3.683779387089019,0
-8.09190040609283,5.6805057972349,0
-6.991751335812111,5.519972174660564,0
-0.8599364896621728,6.60663201721837,1
1.7607412416367856,4.256107213020446,1
1.5604472654439685,3.927765649124798,1
-8.370830061701596,4.269156629762158,0
-7.730521365990718,2.8181610022453354,0
-9.29777364921484,3.2070096199358566,0
-1.9234966127221895,6.103802281230818,1
-4.201478085940469,6.567106910230596,1
-5.329631471974306,4.335797152111986,1
-7.512718272654034,2.8934785185122505,0
-8.352896894473274,4.597977869120666,0
1.3589417917129802,6.968673974673115,1
-0.6654602729229949,6.123044401512039,1
-2.184352375148643,2.517049473232134,1
-1.8467104788907278,3.893520194089867,1
1.4262073948229084,4.541482155659034,1
-1.3312182157035357,3.5682485618725175,1
-6.1559368202461755,4.653027560104188,0
-11.100126964902646,7.471977434136809,0
-9.249325944641111,6.640452843419438,0
-0.7894076453755965,5.005081517589142,1
0.837062774524231,2.723333714011301,1
-3.1347397587786903,3.6496571984687325,1
-3.758257422953113,6.103212862760525,1
-5.884314876747106,3.492461240024069,1
-0.30267072969758446,4.493885141905064,1
-1.2990874370166856,6.435948385378776,1
-2.6685861024225583,6.488492371534342,1
-8.339737292332448,4.72724048283758,0
-1.1060103161981574,1.8528698646501485,1
-3.139033030125252,2.2104020631924017,1
-1.8765340404478899,5.02901206193223,1
0.2809892933404272,7.706334721273802,1
-1.6446717506654103,5.10284239072158,1
-7.839331003332244,7.472605365139122,0
0.31617760797013617,6.089601996761228,1
-10.28511654363643,5.065321741308783,0
-7.6260030261094265,6.0075032592374935,0
-8.986279298319072,5.163724308269321,0
-7.232115443646713,6.692085444793637,0
-8.956950829384779,6.584774781497787,0
0.15799083946015902,2.388948528308513,1
-6.582097849593385,3.7127693346861745,0
-8.784004319647625,6.714046420449614,0
-9.294490232379504,6.863653739369437,0
-10.016984868100621,3.315551100545328,0
-2.9146122169361757,5.822293692597426,1
-1.875094745428463,5.162440984850623,1
-3.379209175823837,3.402309142188077,1
0.3573612897893297,3.8848036703237754,1
-5.81853617097353,4.419697170274666,0
-8.406970533843666,6.342456792869399,0
-8.598980801300339,6.102810060868932,0
-1.694157003997396,2.621800197163612,1
-10.447472522484958,5.891016967385919,0
-7.871977895076377,4.803740783724672,0
-1.8364552496620719,4.410007856809081,1
-2.166951831349252,5.237789755683736,1
-0.4305383624645367,3.995887890554289,1
-8.466261253234693,5.046159708402466,0
-5.04356370229222,4.000122434944972,0
1.001094802039173,2.8004324405768215,1
-1.9417667907375686,4.354542195110161,1
-11.672230227894918,3.110824985563838,0
-9.873466648914775,4.703484650286213,0
-6.6721165978428205,5.871161148563199,0
-0.10212259705185733,5.025904143763581,1
-6.980644360747674,6.571308489298006,0
-6.845581403459267,6.5591734702735724,0
-12.198448286487634,6.100230336078243,0
-2.0765820579047682,5.191684375949692,1
-2.9499989765007424,6.059477426916416,1
-7.265016231558052,5.032831830658981,0
-2.720888177284575,3.103716791638983,1
-0.06185779833547422,6.830590210412253,1
-8.625474933224687,7.50731332055271,0
-1.3734501292232926,4.825256408036241,1
-1.2270349492389867,5.516684555133965,1
-9.082147379987791,5.925851223590057,0
-2.467288093866686,5.393765289181287,1
-2.37938639775442,1.026750283566285,1
-7.948642927225935,4.652635852025142,0
0.09484504973227281,6.110982847878267,1
-11.26386334837368,5.3916203847379744,0
-7.621935717981505,5.735297574318585,0
-7.860839249708837,9.194527929294612,0
-7.524829169625023,5.118650958442101,0
-0.4418688068807719,6.415711593443928,1
-2.2440295138352546,5.5845964032593045,1
-1.9281932422502441,2.32419124189035,1
-7.993651963351587,6.895605102062322,0
-0.9936324153612879,2.077124820463017,1
-1.7537731984705154,3.7956796664663455,1
-1.3184512905405807,4.548550185972039,1
0.3362238247020093,4.211461005702194,1
-8.615380881499728,3.6155805864488855,0
-6.028738826296962,4.922381397184608,0
-8.395801965935837,3.946319943456066,0
-6.839237385927154,3.8448103049593643,0
-1.509770382962424,3.1118823362028674,1
-12.04724353033302,7.509135138559207,0
-2.3867283280820666,5.408921025271622,1
-1.7560639192366765,5.202733125330907,1
-10.998421395462863,4.375903148487119,0
-2.2187956479979847,6.069744863210836,1
-7.916130283555038,3.323386526101036,0
-11.100805337904214,6.804189571317587,0
-2.3789002044893532,4.897604111386792,1
-6.3726198941059256,5.881078802460632,0
-7.847361102916727,3.2893811936007915,0
-5.865540156900227,5.866374838074117,0
-10.206213545899836,3.2515334911301843,0
-2.8020701478915244,4.8631384406531035,1
-7.91716673808623,4.655839477568948,0
-2.569179323057578,6.813094530187565,1
-2.249679097917496,6.690201451792392,1
-4.458708661698442,5.53667636485252,1
-3.0197783212713967,2.458603480326686,1
-1.0524205969088085,2.5717659854731347,1
-8.90390522113752,5.637324229396068,0
0.21876575987662572,1.5655703799633187,1
-10.381150068349607,7.655766968477188,0
-8.647936682594949,3.046106801826239,0
-1.9839611870014608,5.991270906217572,1
-8.732958584539563,2.7227800510101656,0
1.6351627039397343,3.550062953328877,1
-1.3555016844272314,2.1895486090418816,1
-2.2868449663367016,2.495279432609711,1
-6.543782701935501,7.167267020543039,0
-1.1135207994672836,2.891921801844756,1
1.1347119882425307,6.6707608856024905,1
-0.9340299792997497,3.667675162374248,1
-3.838519487014569,4.677163834004779,1
1.194018305832952,4.293270348624955,1
-6.026506799091807,6.6694449542577505,0
-9.677246011372569,6.094640244284561,0
-0.023693608591680126,4.0521799505899745,1
-9.121522337725017,5.634268938441048,0
-3.156466851250816,4.416956437967855,1
-1.4563934727237884,5.103111141507597,1
-8.854081050143524,5.472679396754554,0
-6.98143470353143,5.361148606496352,0
-9.88951825900743,6.605837558328382,0
-5.647976807833922,5.0713138417413886,0
-8.185896773089988,6.148667301738923,0
-2.0276836704588006,3.3219939418193425,1
0.4237910820149473,3.592643302648937,1
-1.908901767082058,4.622403973431984,1
-1.2414887393252154,7.96332261773744,1
-7.233307795704066,5.212849099033276,0
-0.982398793909431,6.816228350464293,1
-0.7762064576031544,9.934470512715212,1
-8.699421534445367,3.472600425987245,0
-7.367961996299974,5.816766103813775,0
-1.4429717546674317,6.9624139282228015,1
-2.425388950374037,4.625423493998021,1
-0.241673774730788,4.277160807530629,1
1.052378290166469,2.980152791159864,1
-0.5358534392007831,5.814685841272297,1
-3.2659808140021,7.886811992094907,1
-9.571490003039576,4.973870076583901,0
-0.36744347544545697,4.067713635260882,1
-4.176143771171259,5.583331189450361,1
-8.43824263085596,4.911866095112705,0
-0.8958821254942653,3.7423320416886883,1
0.23187498700762066,4.5441252932891185,1
-0.9516113977494842,4.80247288167367,1
-9.573049001945288,3.4410759085464098,0
0.894640968584616,4.779321086942821,1
-0.7019835088787854,4.137699740593327,1
1.5747604521859646,4.524476693622388,1
-9.568760916685061,5.262166775843534,0
-7.618717080162461,5.012371799613405,0
-7.600866820413868,5.78765443309789,0
-1.9572739104923507,3.137362105737796,1
0.9150878145143584,5.475126622545538,1
-9.650710759884927,4.73235892905157,0
-3.0143945967991224,5.915250813665953,1
-4.982698905002945,4.270172393681832,0
-2.5840288203020365,7.484767511108366,1
-1.8880005908169033,5.058718510397775,1
-6.076134791532031,4.360824817149987,0
-6.117355861586892,8.096089312610385,0
-1.5341040125532874,5.9937263735847015,1
-7.9578058018667885,3.2958373308610835,0
-9.422297608994853,4.21162422135326,0
-7.313863055393712,7.31959578129262,0
-8.768425933075092,7.083385888595426,0
-5.152182822705463,5.247027293028896,0
-7.903548405379695,5.573913214905596,0
-8.640832689224956,5.617301476133991,0
-2.1896973254547136,2.3294529998447446,1
-1.6764605262786518,5.36048424924403,1
-5.954392352932741,4.662820925797632,0
-2.7318498922145524,4.573492846677365,1
-2.2557251848640085,4.085975042682309,1
-10.328685356013485,2.6632242611248333,0
-9.46656141235508,5.5049353727903645,0
-1.0738561589332505,1.585153420871201,1
0.12030453858524348,5.880010374872424,1
-9.416896097902043,6.60343120197894,0
-1.5802015914609515,2.183356155104749,1
-0.6991029776052857,2.528342464206979,1
-1.4979299632414318,3.808551302696957,1
-8.96760099434066,4.082619529308904,0
-6.459360502376484,7.222130611183264,0
-2.610803619761461,-0.5326870441820475,1
-0.6226891086460054,4.404238013419196,1
-2.7324034976240394,5.6260424851488215,1
-8.036332103831217,4.399870667289451,0
-6.043758706460903,7.309221644453696,0
0.47913387555056897,4.569614180260558,1
-10.524967304211827,2.652420436970291,0
-8.065077954410366,4.7172614842417815,0
-2.605487084375709,2.666950649237614,1
-7.928425108870947,6.06989769829354,0
0.09230533715482547,3.132207429595768,1
-6.7267321289291395,8.34138423979284,0
-8.84121782298092,4.78387104773291,0
-3.138648671618032,3.290062615947955,1
-3.060811012824991,1.4554086204246097,1
-9.958019834102469,9.098403726306593,0
-0.31081735436517555,6.955111643189906,1
-7.03749486011409,4.19785466661871,0
-8.500761485008956,3.694775837348577,0
-10.213630161672198,5.410807574802055,0
-8.993781033730524,4.46979256551334,0
-9.000837132803294,2.9821566955096706,0
-5.497745136957423,3.2027380170317405,0
-3.3605359479692343,6.188318404484351,1
-9.322476234608816,4.9274856839028205,0
0.23679796444478374,4.246886543224349,1
-0.9388646747157858,7.143075101625234,1
-7.210243755127604,3.2221313295836738,0
-7.965184348107377,6.818965514013648,0
-0.5678958198861679,1.9530543902891968,1
-2.8405999711970216,0.842998865263267,1
-8.86889926337906,7.112111373160438,0
1.4835314931590986,4.980016119483102,1
-2.0739173246569482,2.947988608239468,1
-2.6862023323790574,3.963463321803987,1
-1.227861303635222,3.783070034452658,1
-0.608166138877441,4.907727669843089,1
1.2881444803425226,5.9108803849467275,1
-3.3279490850648625,3.4776688882149864,1
-1.680775313205223,4.217867049032681,1
-7.902950257923337,3.7325657844854216,0
-1.8270065628386245,6.9379222205612106,1
-0.8385444932409849,4.5692105646791195,1
-6.433255437055436,5.629353968801103,0
-7.490596711326607,5.879829580037113,0
-7.881413407163807,6.511517925298097,0
-2.1103681395419116,4.115813181851778,1
-2.11846022636337,4.229848596390763,1
-8.122032952286064,6.274640538454531,0
-8.248929480982298,5.327908552018743,0
-5.525625446077432,3.4169144497473862,1
-4.4235306354004775,3.0097593254203954,1
-8.967887847237312,5.232099010696474,0
-5.430749181481124,1.0802469386240707,0
-0.9987423327774345,3.248908258922408,1
-7.233476256516722,4.361455915800207,0
-6.077611627564723,5.146159467081684,0
-8.571395018487346,4.391175394031867,0
-6.900578543817702,6.740620917549508,0
-7.60334178556208,5.152612099262298,0
-9.552702075825355,3.7185746356046296,0
-7.256778259831085,5.455872454706254,0
0.041892883844684814,3.314936433689176,1
-7.075043053750809,3.6100045775117304,0
-9.299370620134807,5.697901335689182,0
-2.4346028206612065,2.6302878015898496,1
-7.261709517094394,4.695055191133761,0
-6.8402834112352995,4.804996759019671,0
2.1749490587349833,5.66899087097384,1
0.942638563180171,4.94068007989306,1
-9.875950098141338,2.751481902099643,0
-10.7803041591424,3.4485701409775467,0
-1.5406105958741205,5.187169835870897,1
-0.6197893214356958,5.405334724202488,1
-6.44809614839072,2.0274684748047673,1
-10.95782021952164,3.710974508456518,0
-8.512124409061538,6.908804278254864,0
-6.225827481066814,8.13561246508292,0
-7.353726430661546,8.716155923215961,0
-10.966158429844771,7.9614269911503515,0
0.10329674829675795,3.5464523668729955,1
-6.4343747462984116,5.330595789474086,0
-11.043317531558035,3.691013373029317,0
-5.220529376833669,5.785679335240492,0
-0.8003690373699597,3.2953617875268373,1
-0.43694701202926334,2.97161122612488,1
3.1209703366889885,5.033651921511131,1
-8.930479818448552,8.251855498038127,0
-9.776273303886773,6.38452719440968,0
-8.594729793854865,6.412684983114213,0
-0.8167320633053681,5.064772029564018,1
-1.182868809047057,2.4625828154675964,1
-1.3126666179952096,4.000501434121779,1
-7.103884279570216,5.597394759037089,0
-10.826130811955405,4.33205586915642,0
-8.891710426086213,3.8767967418117144,0
-2.272696899161428,8.57304698125052,1
-1.7128650152061276,3.7172618522365006,1
-3.6971561525284082,6.502460219121211,1
-8.508273363589625,7.6861115716665775,0
-8.857605280867833,5.623126645404768,0
-7.477627261524086,5.356138355019577,0
-10.068977734126879,5.9350551913659135,0
-1.8274931397720129,3.6124114542248282,1
1.8355207823816126,3.2304482022609218,1
-10.038312579249592,5.652797235589724,0
0.9897181895734461,2.6308172455205443,1
-2.1789290529045453,0.6083198769263727,1
-9.621255166714487,7.057996486166253,0
0.08665064966673874,1.2895810585346719,1
-8.741040528407666,7.175066601632763,0
-8.38575943808602,5.282174436687481,0
-7.564935192796085,4.393836330527949,0
-7.2956294658833105,3.7217093419540213,0
-7.692033547092559,6.177879846324041,0
-7.838814607948702,5.321510916532042,0
-7.586505713493835,5.796585293261554,0
-8.757486800240294,5.859535905742568,0
-8.23716270397168,6.489421826384495,0
-0.6376789090136478,3.8090120233091884,1
-9.383786043863312,5.373014560187883,0
-10.039545020290873,5.247903287364323,0
-1.0756850049586777,3.236358716125552,1
-8.261002495178722,5.095972579517302,0
-9.411866733760895,5.651221829596756,0
-4.311066443147515,6.237516922495037,1
-2.2266881036766524,3.1517018512378265,1
-0.8574772303654028,0.34542870722236163,1
-7.257061777256431,3.660603697988978,0
-8.500951805340591,6.461957431909564,0
2.150077028324026,4.834236588785803,1
-9.692221873692137,6.833977623934565,0
2.0276114466684643,3.449173984312581,1
-4.522664490251326,6.216093074358721,1
-9.644371032278544,5.062857130988533,0
-8.823334600784296,5.906304887533369,0
-5.4269440135737,5.1502045416322835,0
-2.080844360312304,4.584052459683249,1
-9.565629973529777,4.994505385960541,0
-9.346376629849374,6.012760851332122,0
-8.591103332245336,7.54637670203525,0
-3.4154435586064547,3.598820326302939,1
-7.971996503437465,4.960466594235102,0
-10.856749331780104,7.7268739059043146,0
-0.9558513318879979,6.958834206567244,1
-6.297605289676657,7.147757214549706,0
-3.2566813252273334,4.013163561881866,1
-0.36932477101938566,3.0402019807380998,1
-7.674629814935367,4.440160346249231,0
-8.853386446766724,6.16776019262621,0
-10.474493344857192,4.021022543335162,0
1.5363056446057763,2.9347148514526618,1
-1.2196456248681804,4.1802714741889275,1
-0.4041654982035412,2.922190889663579,1
-9.38336358019248,4.917104800810084,0
-7.365509476808121,6.56651217385422,0
-5.148486362569635,3.8642943414323625,1
-9.637953767998495,5.961267762963883,0
-0.8061339219499638,1.1102257148421888,1
-9.20267184614714,3.472867719585637,0
-0.7624416577974027,2.9951911173831576,1
-3.8961267073644423,4.6222317710528875,0
2.1126360292955617,4.71904959117304,1
-8.86223273839693,3.2731895848170276,0
-7.992745548484203,7.549286059152099,0
0.4056698709661255,4.534153421382464,1
-8.787477912213602,4.653144134621274,0
-1.4668930220797438,5.237666506399678,1
-8.337933740856755,8.575322199510815,0
-10.579851243056243,2.37493984543376,0
-2.1155546890922525,3.050420903435173,1
-5.938818319177281,7.875808112233264,0
-1.317608703084215,5.078223392116975,1
-8.654437251158878,4.117184578774623,0
-7.754429713520388,6.525827558823861,0
-9.183426418612111,8.57812505827651,0
1.0379081292549244,4.168095347482392,1
-2.7397367699503503,3.9107637756109583,1
-2.948260847722028,6.147481939309335,1
-1.5921699187677973,4.879757197646491,1
-8.597510862200073,3.5883941941632167,0
-1.868016369056114,-0.9957549479236762,1
-7.70449053905065,5.988344304000237,0
0.8280027792415305,3.4622155741343406,1
-6.7591392352741755,7.044965633656729,0
-9.499395104584535,6.689351556948935,0
-3.4600260426231997,5.1694533885979475,1
-10.115766478313096,4.18521203058611,0
-6.8495893296224555,4.516877656603966,0
-9.451803522710406,5.513168816240144,0
-2.9571691788941594,3.5107034609092924,1
-2.425056316940868,4.690925694982627,1
-7.343348648482919,4.627684996452128,0
-7.462683870825093,5.083096299383303,0
-9.900970385372824,6.138181750275814,0
-0.47585624281486116,6.650177750420134,1
-6.226985191180947,4.8893460812651774,0
-5.558884415871468,3.1270380104553874,0
-7.206750392198578,8.411867606747965,0
0.042083063050956326,4.701342286128995,1
-8.002132286367988,4.420376979515504,0
-8.256702271754309,6.971495643341435,0
-2.7548869847175936,4.241295257439025,1
-10.463462234690482,4.774492288476355,0
1.485285235758544,4.48226949650434,1
-0.9943364177010652,4.061410608979124,1
-7.488038419550156,4.2848199965520255,0
-8.998849553557928,3.660105295533186,0
-0.30309524777064845,2.365194671387798,1
-0.3289117491864558,4.568533418131874,1
-8.585738890500973,4.208295858908106,0
-9.079943638408697,4.523414146969011,0
-8.840304162043727,7.142509572267182,0
-8.93171302236716,4.8628208066787355,0
0.21900970249628426,5.880928350613293,1
-3.2513081265418733,3.387159076613325,1
-7.241893215255961,8.612254407215742,0
-1.7005174805422998,5.643713737113074,1
-1.7196489167972742,4.798051136046046,1
-2.1920910054263376,2.9504246695803156,1
-5.462666107455657,8.241897402411567,0
0.37473391707428494,5.9024038017244385,1
-2.4371466792041288,4.989762896952635,1
-9.457770538326495,4.214416008591552,0
-7.434933071883761,3.2486908825677427,0
-9.629751399305755,3.5216125131763687,0
-9.46869743779711,5.903452749248776,0
-9.842912267531313,6.395495115749563,0
-9.991542398413845,5.67448400945354,0
0.7716266995595968,7.132190327779403,1
0.40937617122775993,3.410364721367112,1
-8.29677154554393,5.049429970650227,0
-8.680855492796544,6.504952881913806,0
-7.214322628131697,4.606787084636016,0
-7.759433385929146,5.922037067846541,0
0.6311716328783241,4.088012936027368,1
2.2683557430999954,5.273762582856161,1
0.5247025361233686,6.394423359672897,1
-1.1470062339396787,3.749201337748535,1
-2.298852418511044,5.7405056535203265,1
0.8674227832146442,5.04019140338214,1
-10.095189437266772,6.779939056632623,0
-3.2566730426512787,7.406878632397522,1
-1.663219854372608,3.464409498904913,1
-7.271166294014429,8.07043650333856,0
-6.747794702163101,5.924124239977743,0
-0.044290804552400864,3.3727494603016543,1
-9.098452582699357,4.2448996253978,0
-1.5325936999335914,3.860675745660132,1
-0.6891993457739437,3.7954248757048736,1
-8.222861847033014,5.883575300915371,0
-10.400585965480428,7.937536848343932,0
-1.8921432664444118,3.1440585708520765,1
-3.752263805360092,4.43339742890824,1
-9.093258121779076,8.844891398020073,0
-5.900022987864162,5.514882044261084,0
-2.1932485614530854,7.002113130053672,1
-10.83481446423445,6.84875220277495,0
-9.717884383083584,5.493645625789746,0
-7.600694105055718,1.1921434388169336,0
-1.3749354463639396,1.9612602945106632,1
-11.28807504326319,5.000135931799593,0
-8.192785337145194,3.70471485774655,0
-0.12829135422291915,6.406503126384568,1
-0.5755712337959555,6.750832381813229,1
-10.532261504428321,6.025193313143249,0
-11.53103241671637,6.616636419169204,0
-9.521501199848801,4.339807007700516,0
-8.567845920673708,3.6568508608288197,0
-8.832295501805588,6.439582592184543,0
-7.692582602735288,1.1799478958896676,0
-10.496840836625951,9.749808505275176,0
-5.6655077623121795,8.309573764786693,0
-0.3488766099005427,2.7914632982942367,1
-10.906295881912095,7.3216496912163205,0
1.0072112002305693,2.8093637119153008,1
-1.3296348884865494,4.579780562847283,1
-8.188569825951319,8.382929917430811,0
-6.0697216911620995,3.3796475484272044,0
-10.737747522532569,4.564492155565788,0
-7.4544536800209515,5.807372608421898,0
-8.911246702514104,4.280839710376383,0
-1.9053614915600279,4.677618347649856,1
-10.554982818710075,5.776979148819424,0
-9.096000983280444,4.360379289924988,0
0.3963539938041878,5.196826768317972,1
-1.0642199167329558,3.8647395594384206,1
-0.4777789535667307,4.50905822159368,1
-7.415987469479937,7.645808539751453,0
-1.4176602279956232,4.652517588595478,1
-9.362031059329333,7.4755976760691185,0
-5.88214855944315,6.162345654792277,0
-6.412708518507426,4.657155355102602,0
0.5495255330099298,5.730574760472746,1
-2.3097811957433896,5.400426377164745,1
-7.850207040667624,6.139408440391894,0
-4.857919033918838,6.988838771608414,0
-0.625075525684185,4.170163603988834,1
-7.172081334450586,5.389342169084399,0
-8.887140345701035,7.419142340952794,0
0.6140269713452189,0.20635313323256632,1
-1.3800248341013825,5.988894625193513,1
-0.9055205543488511,6.539240908069406,1
-11.258825670485797,6.390185400702394,0
-8.345569594064605,5.108520167287026,0
-6.652143629589914,5.3371784141065755,0
-9.306817259312428,6.6665103743840195,0
-3.0887841069391335,3.542512702429229,1
-6.8841655886070825,7.697994666401644,0
0.2571864935860906,3.534731606853913,1
-0.7377872695857327,3.977221640273724,1
0.39336974658431245,2.3204230988139884,1
-0.08137581105569858,3.3017898334989093,1
-9.368549559557955,4.525652662957404,0
-8.617050548759133,6.189327404970831,0
-10.314132058783347,6.192133265909243,0
-7.995372603272594,6.482532049650018,0
0.5951772818550793,5.540364601846138,1
-1.4811998950899459,3.8632214138759684,1
-9.183664341396126,5.322882586312757,0
-8.061370272780563,7.658439640671933,0
-8.945341246578705,7.844775065402425,0
-10.66883037029906,3.1265784922999535,0
-4.035097750824333,5.39279283867756,1
1.2628805070997724,3.8544878458496385,1
-10.736807715694056,4.247661371315725,0
-7.5200093273236,5.5116715471662205,0
-1.273428767182803,2.9001113668409966,1
-6.7252245014376975,8.851051810751361,0
-0.3691683858878605,6.947411353129529,1
-5.621627397095168,3.8953625494680217,0
-0.9303919168330121,2.3991716304036044,1
-9.067617974444673,6.821640784337307,0
-4.618324868368451,2.6861417373847996,1
-1.5575724033481597,5.672586705286525,1
-2.855272303608018,4.9289694776699395,1
-0.4254386386689487,1.8859296462408053,1
-1.3935880723926766,2.8291841332688445,1
-11.269998756316145,5.66285630062603,0
-1.621178659367228,7.176746444212669,1
-3.2266795504505543,3.680069825284197,1
0.36538224213256676,6.249735943299645,1
-11.167269162341798,7.222399741539717,0
-9.457927883244404,6.821889612873441,0
-7.172475403824256,7.067747653533756,0
-0.8683573951641346,6.997638336219235,1
-10.89366994284756,6.298330797279078,0
-10.111942717182638,7.330066677501445,0
-1.9218576562282295,5.95070691692861,1
-8.906939492860035,4.737881761985726,0
-0.6171409929453645,5.37532566600626,1
-10.853178632270465,5.719705964347126,0
-2.8982219360378565,4.899637644106258,1
-2.238849134882564,2.407428616500539,1
-0.30758430030271544,5.503919138947888,1
-1.5803841150981406,4.575188964950774,1
-9.52988181565075,4.753649705851698,0
-3.560256912206607,4.852851881393782,1
-11.30386893264836,5.241655594489491,0
-11.256949973243472,3.438152058484825,0
0.003577981324332624,4.050198872774898,1
-0.25368272478350595,6.097101890389123,1
0.2743407169906311,4.674533850952572,1
-2.0750358784867435,0.6285683939824018,1
-8.592834160020821,6.762822496886459,0
-0.4056488670070375,1.8432719392411352,1
-7.494405225723208,6.226031190694834,0
-0.3479620843208667,7.474112368550441,1
-9.637706778071067,5.3793438787181715,0
1.1725425544055796,3.186103323550662,1
-9.314521763677526,6.053270138133703,0
-8.710426448818609,5.495178772545754,0
-7.795498034431143,5.854574515280133,0
-2.8534738418507666,6.073619714170214,1
-9.739394142754865,2.511380597478089,0
-1.983614350740127,4.5490924931748316,1
-4.363966011384511,4.357884852034712,1
2.699130575641489,4.956831548380497,1
-0.620689416959121,3.6126069644071337,1
-0.5973501051870036,6.832118918246071,1
-2.2688079257002842,2.950327607408277,1
-6.359213975236431,5.110451453309128,0
-1.5522278932357807,3.9323065347894084,1
0.014317710161301456,4.38757161749419,1
-9.137800403099677,4.5742492847266725,0
-0.21724676424350298,7.483025846926015,1
0.811660997517464,3.7243043962426867,1
-2.641874666629266,4.443036316831289,1
-1.1195165453672342,3.9931155165895196,1
-8.311539836182272,6.002500221690801,0
-2.7857713075678827,5.935113611969365,1
-5.832714706622495,5.845312701532466,0
-1.2160406590605695,2.9671810622742916,1
-8.873686376420146,5.441041315772479,0
-0.4089054997110807,2.2361693013312807,1
-9.421660760984459,5.661045684366426,0
-7.506424158307309,7.09599456517207,0
-8.676099651053221,7.223545375191871,0
-9.693400255821679,6.704546245255127,0
-7.746628400240558,5.4078890857546575,0
-10.448818085038928,5.093691090738291,0
-8.044156628336006,3.1108803422737896,0
-2.1236086720665925,5.642531057863591,1
-10.904455028121006,3.885053147801537,0
1.4733479739801414,5.247295850580839,1
-9.945427435576688,3.5321779489460576,0
0.1342951850952494,4.730058639921429,1
-2.337043388422349,2.531612127123345,1
-9.38860945011446,5.129879717816738,0
-10.739682058775644,4.701630457010252,0
-10.719005982314997,5.634306936292777,0
0.04952252847075833,3.1051789229093556,1
-0.16563409664920892,2.1862155672995955,1
-9.85571089556626,2.8728629957397382,0
-5.981573188655933,6.597025201407059,0
-2.149399425788022,3.41574712405413,1
0.9220724111006775,6.3171266295865385,1
0.14675027759308534,5.411878191412758,1
-8.717480721153409,8.213976213157906,0
-1.2418977609285804,3.3946175936792473,1
-1.9561005235709201,5.682183488407258,1
-7.518885563167016,2.717273242519497,0
-8.24073287617413,6.167191549599168,0
-6.440852364853926,4.3434111732551735,0
-8.991292810351263,5.845327823086397,0
-2.9966499122267827,3.4053130979464346,1
-3.3898340743061754,3.5986761151210023,1
-7.141821315541773,7.204370198394822,0
-1.3431394831025805,1.9285610456285767,1
-3.5478352018761696,3.5604937753370747,1
-9.474520570867671,5.323898626889139,0
-9.375102786475003,2.056504226164824,0
-0.4990789210872806,2.9130638166926097,1
-11.577290631689744,5.99935713680062,0
-10.963894447478763,6.812336165689469,0
-1.9418415093743926,3.281788150179907,1
-9.338657192940538,4.8762567790347315,0
-1.3476392558542267,4.781438554740321,1
-8.100032431745563,4.394517809224012,0
-7.230509397072581,7.437047277060424,0
-0.8810550933074759,2.564887096692245,1
-0.026889183743876277,3.1832626859742144,1
-2.177916780591977,5.8078048496828565,1
-9.938023670458096,1.817507527153328,0
-2.4422438724371904,3.6091828549194944,1
-9.146260327412634,7.240569974102719,0
-9.95833934873345,5.084133276123392,0
0.08541641145081846,6.305764968617391,1
-3.2591026634989912,4.484101863516399,1
-2.061588356925578,7.453425632722066,1
-4.525480839254428,4.444020192919985,0
-9.332204304344923,6.722409494499535,0
-6.7927452930353756,6.985622141698353,0
-0.9370767803243454,5.861424513576574,1
-9.570235433904122,4.210605516656828,0
-8.825337238087437,0.38955146583371736,0
-0.45321688454423104,7.059533018676303,1
-1.5871269296029644,3.382050145853065,1
-7.817033238411633,5.340704164820778,0
-8.678395610511254,5.366837323477018,0
-1.4167118380319608,7.082843973441457,1
-3.3737944029306006,4.011107809211417,1
-4.020873138611028,3.9091759019496384,1
-3.814557614110501,4.123653645986094,1
-7.42630508659588,7.029339532515145,0
-8.971112546564074,3.4336651974156007,0
-9.08522950944044,6.530229600565337,0
-6.670975071814276,7.874002712672128,0
-1.0921254554902189,1.8105385714562963,1
-2.7623997121869195,7.167257299465167,1
-1.436013287567818,5.707176890194639,1
-0.5826779770355732,4.2306463593204855,1
-8.747047742527066,6.1523517500372495,0
-8.065149376603133,5.837248563978403,0
-2.873446584717508,7.249630284466966,1
-7.305936740800294,5.68736093962345,0
-10.254730742343401,5.084036870845688,0
-9.993831830042982,6.291046749554214,0
-0.7519134655953028,6.419293073312749,1
-10.592607621465035,7.9012944090096315,0
-9.079292451066944,6.984252146473493,0
-6.8840563751350885,6.16125134468148,0
-1.7630521021231012,3.3094980795916182,1
-2.8194628770523424,6.757735176611404,1
-3.8909098059541445,3.982555799191784,1
2.5025712664635926,4.801044587114348,1
-7.545434740553967,4.2153298476061485,0
-9.676585323919888,6.215657145126525,0
-1.4365455640759661,2.4657603170987854,1
-7.695697896934132,4.687220211972697,0
-7.236562732321725,4.4045807700407815,0
-10.639382298772201,4.090100074174045,0
-9.02953280748319,6.055155238548567,0
-8.95337219224538,7.67339215316497,0
-8.782402949080504,2.753555280068679,0
-2.6797364047582697,5.977106138713197,1
-1.3123865113061988,7.792225144062039,1
0.18889238187937596,3.9038691380084485,1
-9.927043576525936,4.149989335855997,0
-1.4501989249865996,5.455852233251125,1
-4.338178521208199,4.086658762513746,1
-7.73286159780217,3.715753300983911,0
-9.781162607447012,5.906068162912564,0
-7.19433063333222,4.169573412876714,0
-7.465933573865813,7.12540830138634,0
-5.39923035121646,2.1459002142993433,1
-2.223557234293926,3.762552296235519,1
-3.332571647250585,4.868259328034677,1
-2.6352604609728507,5.762898588481767,1
-10.323427887415136,7.99710490615718,0
-2.4306626100397564,4.503953704530441,1
-10.308667487702042,7.225612461210034,0
-7.444054828966222,6.693279807161585,0
-2.9562940146203553,3.702880891343311,1
0.24543526620949718,1.4025233482387902,1
-0.32253207028631803,3.14762662577672,1
-6.703590470122409,6.777079185329114,0
-8.764538624632868,7.154754249087592,0
-7.902928879665856,6.338528637507265,0
-6.558880646454494,7.459528412024101,0
-9.64343400408783,4.318031130484564,0
-9.879391761833045,5.622427887036044,0
-5.894722518271577,5.761423368273053,0
-0.9648960951277533,1.6448358962119745,1
0.5119718419253563,3.947788417807001,1
-9.07035649134047,3.4707252720149713,0
-8.320696661214447,5.214312199966007,0
-1.5563618318495078,3.441298070888177,1
0.06161722881719722,5.314138788414514,1
-1.2549850816716146,1.768967042132001,1
-1.313209630044678,1.180603212394654,1
-10.357451660525232,8.435071439864473,0
-9.063211336787582,4.829258747715572,0
-4.588559013594652,4.407995453759882,1
-9.53559664195733,4.928036319400952,0
-2.291464276863585,5.971959179738568,1
-1.4946766562031142,3.8470274454296867,1
-2.0407894394788495,3.666295451256347,1
-7.716129304531984,7.015784150254429,0
-7.370635288229655,3.766250970053002,0
-1.0336297905090415,4.143799977818961,1
-11.236658442259834,3.258980818230642,0
-0.13208261185184633,5.349399201949413,1
-1.6358113111735715,2.5825083032201643,1
-7.141232320279736,7.459531848985598,0
-6.295190084761494,8.312696689609533,0
-8.183925252064611,5.971564542568467,0
-11.721241755300642,2.1155883269602174,0
-1.2996149816944542,5.007884672019887,1
-10.823287687873762,5.577377855371427,0
-0.808576730532188,4.0045533471703205,1
-1.039696259754865,4.186032813708407,1
-2.3046541712113915,6.221946707825153,1
-1.1304950956309707,5.655972854854491,1
-0.2188372727795873,5.634819296926381,1
-1.9127257783245528,7.008616183114611,1
-8.51263792267276,7.3279338931141025,0
-10.146096659553281,3.5212419077167882,0
-4.146395245569016,2.961635633066052,1
-0.47034451259991994,4.2075213610065205,1
-2.6620806002383626,6.208872523133537,1
-8.388354785481821,4.238001529138481,0
-8.04901454269113,6.314215716311942,0
-7.711693892109253,7.378040621856824,0
-8.617620091720845,6.23651631137125,0
-3.559511198423439,4.221699199434207,1
-2.48379587260058,4.3111774462897685,1
-1.1993741169516698,3.844992365275234,1
-1.1473405968051953,6.30856299015864,1
-3.4532831516379674,4.113346774976357,1
0.361426446591651,3.7135305366940914,1
-9.062204961683856,4.72882180780767,0
-8.150983680724147,7.235144333311822,0
-1.2100053543619507,2.6418745221901663,1
-0.5895562805824462,2.7573716529586605,1
-6.595736981429072,1.703833330924304,0
-9.877436255801257,6.6520626255605055,0
-0.22662630556292895,3.504061870548967,1
-1.239612764488425,5.118412325207732,1
-10.551962026854287,6.073487379799929,0
1.1268227562274684,4.927466658900834,1
-8.048007172895662,5.98120123155508,0
-7.526266274070887,7.416380488170288,0
-8.782489004888973,7.8325631166338106,0
-9.736111058322038,5.60168076145181,0
1.148100581304941,5.949137309173546,1
-0.8710256872507838,3.4967767399377396,1
0.34989283767740464,5.432974597538304,1
-0.6570531148663307,5.236045450097519,1
-11.4619569889236,6.139257369632176,0
-8.46117020556313,3.922145935160991,0
-8.278636415346782,8.444817814761391,0
-2.745625692637307,4.871062747818753,1
-0.3941929253456734,2.8627580543950746,1
-10.165917931165078,4.239931754188136,0
-3.566926323612691,5.521682324424293,1
-4.919965659421637,7.51413156651242,1
-2.1835117378255973,5.472277178508089,1
-11.788394102271768,8.269305092079726,0
-1.273858127259172,5.497847735152571,1
-9.983959624943532,3.5820716511213235,0
-8.098925324152699,5.478990046505422,0
-9.955729198314833,8.183021657100566,0
-6.886795612355555,2.1290596139146865,1
0.37545057185423225,4.208490927353013,1
0.06837860115874173,5.231331918812834,1
-8.752957159011727,4.906360410683224,0
-1.6540760198091617,6.5178081416115425,1
-7.380668260965342,4.926479954257818,0
-1.293373033740268,4.855310867642726,1
-1.8262457136009966,6.214536692927832,1
-6.839729640553157,8.014956594317352,0
0.8125486610920034,5.86708330834119,1
-3.314310813221584,4.459878154271052,1
-9.251717772625966,5.965543461675858,0
-6.608178832276277,4.621037694895355,0
-8.376717356931778,7.604374685087913,0
-9.54807371110483,5.044903255388722,0
-2.085493806314649,5.651840562427935,1
-3.423050932996091,3.32178770541739,1
-6.8774135053781364,3.837690310660542,0
-0.7177242365579832,1.9246962983764146,1
-6.8192625837337575,5.245155584648777,0
-7.452630277041661,5.953066786521449,0
-7.583040358022867,5.264696711574366,0
-6.607861178942985,4.9050576911347425,0
-4.289822600221302,6.9498179858043265,1
-1.0661632518675943,4.77060965498228,1
-1.5766425578632217,2.2151948852007943,1
-3.2828578565052715,4.828203981896587,1
-0.9589444506088283,3.5286746567324214,1
-1.1172057477971298,5.164662647911468,1
-9.92209035241282,6.114078891724306,0
-13.260067845208084,5.218748106057152,0
-7.8720519604801105,5.297610457618507,0
-2.057886832374718,2.890310539219338,1
-3.879708082774898,2.1681639132907975,1
-2.7911250987255443,3.698072316605133,1
-2.5187992039301275,5.2032884621358875,1
-0.6745230377294281,2.8273722038844937,1
-1.966871415641184,2.3862838757676283,1
-1.7867530357229664,2.9149704067381297,1
0.6756104583069278,10.162425172409842,1
-1.0920203975871698,2.9032365696496054,1
-9.177964464409325,6.21358273217296,0
-0.24173890762566252,5.047179833814085,1
-0.4893072654433348,5.570196066721644,1
-9.052503512784803,6.859983163389488,0
-9.121871409491591,3.767099085368968,0
0.2657516468250336,4.420545570130568,1
-2.772717024101202,6.686243899705975,1
-0.25906836640077024,3.424653290595089,1
1.3548133836927931,5.566726258334065,1
-10.187262225312649,4.29884211451151,0
0.3752143451610124,3.1644252103262103,1
0.8209957114449176,3.7501347341321516,1
-2.389606841832575,1.678542475030934,1
-1.3665505120092636,7.271080267312295,1
-0.8157410693131559,5.867410927213413,1
-9.47946893588291,4.514473064197171,0
-2.296901526732267,4.005540550163292,1
-0.3005958478015023,3.785565195834862,1
-7.706177656503001,4.308534319144262,0
0.7201208729229884,3.1559376959397003,1
2.2649080751668005,6.269910598518061,1
-3.73365711554329,3.5513549008534437,1
-0.9208197522688022,5.021239172956486,1
-9.502683440314149,4.889725082137015,0
-2.124138574203409,6.304672577987313,1
-2.5834033762487474,3.59934829756745,1
1.9955692641549327,3.2911639082563227,1
-9.239302820208161,6.2149943054337315,0
-6.852519778282275,4.717529671243901,0
-6.112547038567916,4.950483631941688,1
-8.251578092576098,3.0091454300895673,0
-1.4812593126545968,5.748549384336813,1
0.436220931676369,3.043488808971448,1
0.3639670639656245,6.669885637709548,1
-0.011304984123056139,7.016010488024887,1
-1.1923729560609966,4.55278897165047,1
-1.0642899660355813,6.244529524102324,1
-8.799477092601286,1.932103878250604,0
0.13440158348831233,3.87918864276124,1
-9.651489941691944,2.3823519972182887,0
-2.5319210627831916,5.580533152507333,1
0.02123239866798876,3.9732486429107494,1
-2.8545251389857578,3.6192623867852394,1
-1.690976544015009,5.794836517174957,1
-10.659474504735561,9.01780355442868,0
-1.4632846685572805,7.083650424957515,1
-2.1404157962538486,3.350617771184976,1
-2.0875897803049472,5.217749853159623,1
-7.218063653637807,6.299677136559305,0
-1.550965690363007,5.596324123376501,1
-4.220746028807668,2.6701886945732074,1
-0.4129457368086352,5.037350429189934,1
-8.358066989319468,3.208004193887754,0
1.1255021194882757,4.024050751010039,1
-6.10306059737202,5.415563957450387,0
-7.068286231237391,3.0215915018844157,0
-9.38544193137828,3.370444031798855,0
-3.203149706966392,3.81217813772759,1
-7.809030029644039,4.1207043940611445,0
-9.441665828035529,2.2996818671898653,0
-11.441326804185877,8.910515953584994,0
-0.7378347540090489,7.314647341667724,1
-0.4546925848858152,2.0139304442266748,1
-7.56187685499377,6.156949403589849,0
-1.4536273131960302,3.2794860845710927,1
-0.7440607325237554,7.478799184035923,1
-1.653202412662051,1.775128803732441,1
-1.6905160271037531,3.912021870586989,1
-11.721619482530077,6.424763219256736,0
-1.4861239533811652,4.556194092145182,1
-0.5411221016222805,7.03274698703401,1
-2.04265226935624,5.029080078758071,1
-9.496337362193927,5.915418601999208,0
-7.563349185392519,2.491207715530101,0
0.5399539328288965,3.652593182531804,1
-9.087311209211276,4.174604867169094,0
-7.749950455767854,6.0706679951846185,0
-8.034698334504915,3.1559365938105484,0
-6.97167138218698,5.83368122576484,0
-1.6233342983647019,4.751648273569876,1
-11.482299236999427,5.803003205448047,0
-2.4977983109701407,3.759239599151403,1
-1.668090409652366,5.0270857892695675,1
-1.8381519971177616,3.059589596917397,1
1.5192689917626354,7.383929423157339,1
-7.959360304286695,9.172629010833676,0
-9.06793367269483,4.616738110471982,0
-7.228019477194736,5.8374601588801465,0
-2.8402864514372212,6.61159228189047,1
-0.10930483034067229,4.111032431546461,1
-8.96736043241935,8.207205214855474,0
-8.994145054707399,2.758213261247838,0
-1.3896057113919162,2.0857004670475283,1
-9.634586240660008,3.0991824923463014,0
-10.42902068636955,3.5792834093626062,0
-1.6720423953738064,4.474630337607191,1
-12.15263241717558,5.7165068169222,0
-3.5905664171594487,1.744401204988515,1
-7.515613760745792,3.9225353495476325,0
-1.3875764915856819,2.441565397134908,1
-2.0652108934939184,4.182015667112692,1
1.169033657030031,6.146791979512537,1
0.7732845051917683,4.2733552530253425,1
-3.289212890057137,4.1591699500964605,1
-8.794985016161222,4.906144887585937,0
-3.621481859164802,4.849176721164986,1
-2.4685742529994847,5.176269430892371,1
-8.485349745956299,5.053026916525925,0
-8.586562412931178,7.827059551889205,0
-0.27959079848354973,6.324548387077217,1
-9.168339917880168,4.26479886780814,0
-10.484795181764508,5.794999496739889,0
0.9655768225324306,3.986789134167841,1
-7.371757255649295,5.646777343638154,0
-8.262438388638252,7.950519943279455,0
-9.978280795303162,5.388334804654295,0
-2.82329669506521,4.915852819646736,1
0.07268178821043314,4.083765190190986,1
0.5205096779936689,4.773476018277566,1
-11.043429611306523,4.036172401468384,0
-1.8391645774512146,3.503024665946392,1
-8.07287761772386,5.7422261670761845,0
-9.191196312151032,5.50257973089982,0
-10.46680889684277,4.274560039944542,0
-0.9024704721598753,1.6231155179348575,1
-4.005622191069897,4.0939181133072555,1
-7.049204272606141,3.5523975145125393,0
2.002043058161356,5.364479428238319,1
-4.729815405742832,3.5641711474030133,1
1.5229598863897498,6.0347158998313155,1
-6.868146098633584,6.491425449531597,0
-1.0116628961132172,4.99929632936017,1
-0.7395311462280356,4.081365058879098,1
-4.20924171289737,4.968937652681452,1
-9.122198781205155,1.9370716816475366,0
-2.1321522937583093,6.6507444728099525,1
-0.9723789390660224,4.675656894979533,1
-0.7562358881907908,5.862236046930652,1
-1.6795265004602031,4.885925741532144,1
-9.582585257467583,3.2119323993655304,0
-9.090621413548133,5.510138937101062,0
-2.276594826108471,3.4673637842701477,1
1.8995255829948587,3.910586503035892,1
-8.112261896450631,3.564913170494704,0
-1.88260712885609,5.385350588213897,1
-2.730206655372001,4.802524953783307,1
0.17134101052487694,4.7124112874590525,1
-8.420602403262283,7.224435409097803,0
-1.6988547340995783,6.253427974986051,1
-0.5751473144093805,5.479726492434301,1
-11.758051025761407,8.90044872650285,0
-0.7086322505510837,3.4380384657521823,1
-5.397208778017514,5.777646953381739,0
-2.357090239662588,3.976535005277764,1
-0.9186578824023488,4.638475500825241,1
-2.544687342423712,4.966349602705019,1
-1.5960192090615215,3.8972407776303712,1
-0.17600584245084905,5.185236950124917,1
-7.257411198110777,6.864546638669583,0
-4.65098236074801,3.8116509997621097,1
-1.0648913307700574,4.76910446901149,1
-9.634229333687998,4.682869872526183,0
-9.588379837574621,6.531128330059822,0
0.38101528314652255,3.9301620621438507,1
-7.221443840515542,6.803916716910681,0
0.8512515644848024,7.152739779308404,1
-1.4812987909242694,1.0166410998907511,1
0.21968804147272736,3.3816383734503743,1
-6.741983396963713,4.306539554355636,0
-2.446891807919116,2.3729832776692494,1
1.220121717527844,2.2301282476145525,1
0.3772454183465177,3.6334342776646347,1
-9.593725888464043,8.046367923389402,0
-8.494625366853043,7.827176052796698,0
-0.11823608354530535,5.595846702655294,1
-9.927635598878274,3.7436765327000616,0
-0.17192205074781897,4.548695379404096,1
1.5206469198700443,4.696919426475354,1
-9.999996930062558,3.7358585382471037,0
-11.596999170193056,6.195705098908994,0
-0.3310753234703516,3.3978991295296512,1
-6.260443044827072,7.24197245202729,0
-8.344834490800913,4.830291036868123,0
-8.836863313875895,5.104911444220666,0
-1.251106328417719,2.389103788956602,1
0.5972356762461943,5.810409228564445,1
-10.108397137718447,5.904267331677208,0
1.2122826175700756,5.64800847571837,1
-9.640448114259549,5.768950584993519,0
-8.064529295422352,7.831730937525396,0
-0.9620821957436531,1.4435257151224592,1
-0.5068965638093665,6.054384532462696,1
-11.554420909021452,6.152170029290965,0
-8.045307046367542,2.963031293601354,0
-9.768406626565413,6.691520130157877,0
-8.743047434835047,6.882435996083317,0
0.6188145001871197,3.21344257501895,1
-2.6404323732767088,5.139807095107427,1
-8.927297960692169,6.334398534045743,0
0.4574823619351538,5.044324043910271,1
-3.5746466739278184,3.9764139193968484,1
1.1701555569248483,3.7370466816366945,1
3.2543487493078507,2.9084243107883117,1
-6.00586117209053,7.325649197528568,0
-7.237162755892771,4.375652224009151,0
-1.9721458981216091,5.119166863670387,1
-10.473375924841523,3.2022345353186488,0
-0.08183500515766884,6.809885137157683,1
-8.765282842736987,5.91822984402278,0
-7.157598737950586,3.2175261836706803,0
0.5068491985423298,3.576825230765427,1
-7.482814841751782,7.0259908934594195,0
-10.757313828996313,6.756573021121438,0
-6.334122167820849,4.471852362791443,0
-1.2433645818769168,0.5132299690537909,1
-9.758001605712485,6.089359293820954,0
0.6783865801844646,4.145304571363225,1
-11.207176937588146,2.713417991234707,0
-4.435133102732761,2.979169740882064,1
-0.8496733861305442,5.754965877269472,1
-11.776897897514736,4.538920901335398,0
-6.641328742969444,5.042849152843857,0
-0.7830841064761873,6.770091313883954,1
-8.540785937652531,6.389800927073629,0
-3.55756406061865,1.2292969711293034,1
-1.1144587783997335,6.471634180206853,1
0.2471835594131344,5.3844846994910025,1
-3.387253644120747,5.248463336001063,1
-3.221638919034808,3.948274156033036,1
-7.027780232433332,5.249533794726862,0
-1.3893738123559758,3.449933513503961,1
-0.4999335422241381,4.746056244320508,1
-9.414241226840526,2.2026166895499864,0
-5.321324194103474,6.99281726591356,1
-0.46968005142850155,0.15010519624401564,1
-7.686403077841147,5.54956168489604,0
-9.001358604028022,4.786577494660012,0
-8.893557384289604,3.547563172913476,0
-7.787875735069256,6.865768358043975,0
-4.817508679243443,5.244012051284691,1
-0.453157365651347,4.521218096754606,1
-7.798640227182999,8.953777458684536,0
-3.6876387685748795,3.9511172560216004,1
-9.983141705075806,6.594667829228698,0
-9.208581487115193,5.389480169573787,0
-9.49113289531048,5.151233057631425,0
-0.10831032571277643,4.801529404145344,1
-1.1306007507815956,4.78513570616056,1
-3.0271422978566127,2.862593148360589,1
-0.22992981814599278,3.9598601956002066,1
-1.0035452990897977,3.709401252405914,1
0.1584502117482316,6.071958172554504,1
-1.605235401803213,2.2766820878461815,1
-8.704049104386163,6.767512062192732,0
-0.07870895641960773,3.5412545923343335,1
0.8499023429484178,4.539825575147981,1
-1.112007585577655,7.921195698473212,1
2.6550643893954176,4.892167817125611,1
-1.3138975868667957,1.4979399220442788,1
-2.566334181473469,3.0087708307234013,1
-11.746126260026958,6.569711116141362,0
-0.32220131248401984,4.847829519813014,1
-8.569836521350748,6.858672391383208,0
-1.0251730265499635,1.245751480895239,1
-4.428981051720318,5.732311746097877,0
-1.3587566246931073,4.34906396291421,1
-6.777633333449058,1.126720225994962,0
-0.8682625473778709,6.824780906059628,1
-0.8532309526071333,4.252432018526928,1
-2.0446074885030603,3.2759851124579846,1
-0.1107228024208331,5.372886632588158,1
-7.188486693894107,7.125373769340697,0
-9.307389949007755,5.933931135964854,0
0.5181078259480743,5.279201247481566,1
-7.000371934442237,3.690931475806723,0
-0.39925275745308975,4.91386711632442,1
-9.551666512322575,5.508987924722175,0
-8.884907094860532,5.261609559215619,0
1.1881265918394295,6.401106228410933,1
0.03185718085131661,4.174495882550126,1
-0.2201767520894733,5.273582398469847,1
0.5821878442939976,5.588112154011288,1
-1.1532888356618605,5.668434099980846,1
-10.363356767061475,4.057493591114978,0
-6.313987039849745,3.0179519818543397,0
-8.412365539024542,6.3820912642133765,0
-1.7284936579542212,4.729793109998029,1
0.610050469006296,2.4297017093133,1
0.5256962113958215,6.400141612065754,1
-1.7639896578420617,3.278137780056167,1
-3.8890325083094055,3.7385058089460594,1
-8.649343675565461,6.336291296651381,0
0.5278589864428587,2.8226245710538747,1
-6.089149421178686,7.198523410269176,0
-9.40805200647609,7.516680260807692,0
-8.64610153007818,3.35609637323849,0
-9.822918392449774,4.903364320322543,0
-9.022877471478584,6.559385458202275,0
-9.852414227668278,6.086346483134566,0
-11.015031742745487,6.011132380870865,0
-6.319771370185517,6.093878432857523,0
-2.5069146883826523,5.303153661549911,1
-9.222915132149382,6.140623761178489,0
-8.595136398610325,6.848458742483081,0
-2.9262550758964427,1.0731730426152541,1
-1.7073837761679167,6.842261719338714,1
-11.145624040729313,6.347197081113306,0
-6.543880845072257,6.607464743709622,0
-0.07734737389481694,2.933263666279876,1
-9.099368736887328,5.054631179684659,0
-0.9398252549903641,4.5345540180406605,1
-9.536102646559737,5.66023240830953,0
-9.446347574873467,5.8231083962685295,0
-8.701107126917288,8.382779854738347,0
-10.811720687110071,7.4711142853529635,0
-5.9144223246323415,5.1992006433125475,0
-0.6268217195873604,2.1480962350316384,1
-2.6053464590138815,3.369889202015562,1
-0.7343059547087741,5.013749144050219,1
-0.6866130742061568,1.07363029276154,1
-0.6082008430411785,4.403269612080831,1
-0.3127109605576984,5.189516492004479,1
-2.63899360596392,2.661699979442501,1
0.39392933911645023,3.9415253211246686,1
-1.8112869616164402,2.2785599520607502,1
0.14182326598062267,3.1796282494512136,1
1.3490206886392957,5.962284268130454,1
-2.9319031641758997,8.36377069337551,1
-8.04208666392875,5.587458625607108,0
-2.276878976362492,5.7017775417739145,1
-11.44022599701964,7.4086028783308455,0
-0.4157397972954784,6.005264274459683,1
-2.057496415819043,2.5052420197786804,1
-3.509621046679638,5.181045699653465,1
1.1876838572190742,5.062458589101508,1
-9.16358006218668,4.5695601143991516,0
0.3510003832735773,3.9974715039076423,1
-8.5524349387075,6.604996942066517,0
-2.2721456899152987,3.977614525128103,1
-7.629367591763041,2.264318147736659,0
-0.0411185130589764,5.991440929042268,1
-0.44865682445795674,3.3262870580673187,1
-9.323200215600279,3.803236023673365,0
-8.187175649862972,5.633146858162927,0
-9.370465827483848,6.71315842603865,0
-1.825186896800688,6.949993120021075,1
-9.66965723810655,4.3462432148800305,0
-0.8657206072208392,5.2154510009230615,1
-8.32113329975723,4.727732903046951,0
-8.740953791291396,5.230689552497058,0
-4.691765964168447,9.235567820435094,0
-8.794081033043602,4.341237789682791,0
-1.949677611817923,5.741890994656059,1
-7.713098924817471,4.681137042323062,0
-1.8634997532784414,2.5472860264261863,1
0.09945198762685403,5.33272979313203,1
-10.703876740242727,5.921667764431107,0
-0.8139421718312185,2.1729986007891324,1
-7.807582156531271,4.928964935325357,0
-8.954144191401117,3.7104044952691644,0
-7.972425361875623,6.701014203273401,0
-7.665355213806054,5.180205580495658,0
-0.2732684421361622,7.14152579667097,1
-2.631253417395794,4.733309698387482,1
-0.6603751538829504,6.2561209907270054,1
0.2658138740025573,3.4737248685699353,1
-8.412166380413577,8.81501915753298,0
-7.567522404667456,6.139064178280748,0
-8.119915763627496,4.448697752450964,0
-9.904533349278655,7.150811705988204,0
-8.297901906314777,8.274135692019435,0
-6.387942370550736,6.102146610687825,0
-4.102778061990778,6.228241272465333,1
-9.33393911467338,6.0961599889909355,0
-8.15659596220117,6.855370321665522,0
0.0458494633028681,2.7988871002329208,1
-1.7334432807623825,2.7724531463374715,1
-10.76456079591172,6.292630958945302,0
-0.13733849255914876,4.2260071409108395,1
-8.68608531332338,6.6088935934022786,0
-0.7477885160585622,0.7897172600000979,1
-3.6703928255992366,7.143736994147513,1
-3.1183934341832975,6.049664860773703,1
-8.87987783796757,4.507906789238076,0
-1.7210128023572402,6.06401810720231,1
-3.8422946977668024,2.4416648969722354,1
-0.6656241861824334,2.4166419695143198,1
-6.450725411552412,6.08084743371008,0
-6.874180133447286,4.225299087780271,0
-4.692426594609612,6.6189152215368505,0
-2.1071144895705336,2.949760337438998,1
1.3822070827540025,3.440376774190767,1
-0.5670007798676391,5.169419811569803,1
2.2664536237656536,4.3390796907617775,1
-9.704655666978443,5.640756242127238,0
-5.725466133064479,4.865372976184678,0
-3.5263103384637686,4.442652220416907,1
-6.332573661848418,7.035432316237598,0
-2.8757108000777984,5.531313829104102,1
-2.4773538576830125,4.514900680444651,1
-8.701162551528132,4.749540176187502,0
-11.894302320977635,3.570770102644329,0
-7.828138415632001,5.395676903669544,0
-8.585183823331624,5.317956618727168,0
-2.1826778771648545,2.892688021695688,1
-3.1364812103061706,4.552846655841097,1
-6.55800707452864,5.36999013680612,0
-6.603319612710562,4.222966005851173,0
-0.8770114414068859,5.898743559457089,1
-10.861818688358834,4.174107622668439,0
-3.4794857094018132,3.0299757907712372,1
-6.137239375846882,5.698498030956982,0
-1.9158155524971057,4.913129788663629,1
-8.578503886412165,7.878910129008874,0
-8.052374911232542,5.430729631278089,0
-2.062557028834116,4.0962463454983755,1
-8.8580796490085,6.731479900228496,0
-6.765433642856487,7.338910635519882,0
-9.10847968282223,5.6861169546272485,0
-3.412631948239358,6.028968785319775,1
-1.8055896203166062,4.616367273953664,1
-0.5248623328506817,5.247579798779419,1
-9.492435190807411,0.7978700161992922,0
-8.916700104042334,7.616895176953046,0
-0.5054810087272512,4.293672617143604,1
-6.388439970766234,5.129405111758247,0
-0.7578807422099161,6.572715083592651,1
-1.2321526083249512,3.8505242797938344,1
-2.6573374430565018,8.775280226752969,1
0.8559422661089182,4.884337584449078,1
-0.6017357741631618,6.176798963353109,1
-9.799597185490741,5.670155749188202,0
-6.292676790815159,5.662263543475788,0
-1.3573703411249534,3.51944255945451,1
-10.26625236627566,2.0394909565068198,0
-1.0092964590006104,4.03290647727961,1
0.21843414565627794,2.0754292982928426,1
-0.9441247215106247,7.390887805565606,1
-11.517166360193633,7.196624354721477,0
-8.684090291901047,6.956642464045943,0
-0.2427385279418942,6.04546327479011,1
-0.17254036722915544,5.797052687333702,1
-7.714844638620534,6.904845952744526,0
-0.9469255129857301,4.6382805896800114,1
-11.241810978471786,6.114620714306409,0
-10.20944688360911,4.040615355031277,0
0.7145011459019344,6.04385980488969,1
-7.128661025091199,5.310397602798532,0
-10.610516849438465,6.14469014114657,0
-9.435566497827121,4.017279495578495,0
-8.99074860283871,5.397548212333124,0
-0.7915063046510857,3.927153135898718,1
-0.8052952034311951,5.248732904465172,1
-4.440962181253362,5.628427492153481,1
-8.890256488803857,5.968711506230299,0
-6.3362600227104515,2.753081470116945,0
-6.035149074345057,6.642026878480572,0
-6.062249349384086,4.810342489703297,0
2.9216872049812634,1.58861103172663,1
-8.68512077369964,4.410605866402752,0
-7.188704221252827,3.382364559794341,0
-1.8504792534229422,6.676575758002684,1
-9.063943762037411,2.5481840391535435,0
-2.2780631482038665,5.077936364326923,1
-1.1102984825373423,2.869909388424932,1
-0.7915507300962719,3.765688998640058,1
-12.162127450282789,7.04382542714699,0
-9.014847587095788,4.972995227498122,0
-6.159762858202237,7.216763642125414,0
0.14485567180328518,5.456847664018899,1
1.4207882112577583,5.985576672970572,1
-0.15981606730436337,6.3946070517908105,1
-1.429700558897824,3.3714086082590224,1
-1.1907575241659827,3.0874810878652625,1
-9.067251456007018,5.857273932976192,0
-3.89153140758539,4.671147703409684,1
-8.633211223552639,8.317635519596983,0
-3.3935619523798097,4.061473695324394,1
-2.487492969401468,6.004680018965643,1
-0.5664644655043847,4.045312165356847,1
-1.6931315768817612,4.50026762202572,1
-8.685637728627812,5.103213699860084,0
-11.464682594924875,2.749071762987369,0
-0.44236354464116456,4.43830380785664,1
-2.724173262778206,3.506074454831718,1
-2.345608739965331,5.965014803929912,1
0.8040345609763939,3.0697180288067667,1
-1.2678996176019603,4.167486117710936,1
-8.767930405127396,3.337021249405466,0
-6.0343652061084585,2.596253291153505,0
-0.7417795405369811,4.29888075393996,1
-10.269032999062254,6.0655507728288764,0
-11.450568383267626,4.8058522757731135,0
-9.856018635764814,3.7504965659072527,0
-6.892361282330012,3.580300958263348,0
-3.1143183190561983,2.8938285340627115,1
-8.832248867528364,7.228417061844434,0
-3.1042220214957945,5.742283538391313,1
-6.387788910177954,7.006277693586246,0
-6.325043434137443,2.463393538125087,0
-8.824994900279641,7.09906265351409,0
-7.848671327258357,3.2924438946407917,0
-8.729370978141556,5.840393377235212,0
-2.4852083679009613,6.018901206995423,0
-5.124414698035056,6.692602234072092,0
-5.590669846408687,4.734429706071364,0
-4.965708379923932,7.027303927975218,0
-7.957369307570426,5.97024911987627,0
-3.7868350225704503,7.417405372359082,0
-7.058013486908416,4.143786649875335,0
-9.856383179200023,4.6152091832338815,0
-1.909032507309351,7.346721411159939,1
-6.679343176799714,4.5138008770916525,0
1.7676998660223777,6.520410412958819,1
-9.537379130094813,3.384301762395403,0
-3.054141526004325,4.994603235001166,1
-1.8967752399405051,4.20378541748567,1
-9.504956321880478,4.896623806933775,0
-7.124075827093867,4.863721432308504,0
-8.304172687156525,4.451376684668682,0
0.1939145550164918,5.7329437492792445,1
-3.478580200517539,5.654010365519516,1
-9.85701819905805,6.197368404382414,0
-8.493421711091164,5.477314306422987,0
-4.059198206271884,6.380380356209283,1
-2.1850488113890862,3.725073640785502,1
-7.718989797918005,3.835976442042179,0
0.5009585777993832,6.25177979756204,1
-1.8056798300398542,3.255016771001813,1
-7.5795232273290205,6.671977533476717,0
-7.920515126713405,5.225569981325798,0
-6.880851252210362,3.058917441908063,0
-5.414604032789751,5.978058799421802,0
-8.97191882406619,4.012688501320317,0
-8.985765964307168,3.4844058344747175,0
-9.808966929068772,5.962938317977909,0
0.8632216907106396,5.349262298672985,1
-2.9854240267313834,6.004523229352572,1
-9.061669991155814,6.3186174106248,0
-0.9173809062584979,4.476604525412382,1
-0.6713543328514231,4.929369028301377,1
-11.611862805169334,4.1939036755880945,0
-10.593260349450826,6.662701740734631,0
-10.198610043321985,2.6664942980365707,0
-6.4224860124925005,4.076471111861924,0
-7.1239679097489,7.185181543773081,0
-6.856968612813524,5.357799894818075,0
-1.7459378990892787,9.148196443003336,1
-8.664163607898754,4.801217318300589,0
-9.572998401621287,2.8139595836286695,0
-8.785644617014121,6.546192232964626,0
-7.5888424880553735,5.751528578940025,0
-2.287915214151552,3.2047301110541175,1
-1.2177233638669973,5.785683289514836,1
-2.080931696146662,3.375243185973737,1
-9.222887309563074,4.004750390859311,0
-1.498700676118642,4.615964922080976,1
1.5927644396886098,6.387708467802764,1
-1.5969606921068131,3.641883932484175,1
-0.5378058565643137,2.514759466587164,1
-2.2293720691956103,3.347185780486769,1
-7.800159068596548,4.012356231352727,0
1.3203352040045018,4.849873780204604,1
-1.2137489898194695,6.792593446424641,1
-1.9116939037315404,5.795329858726248,1
-7.791059220194845,3.947752939860013,0
1.401312008912218,3.5136543656952095,1
1.4141054991553408,4.485865475574066,1
-9.960752316690838,6.25725077458786,0
-9.889906114248442,5.138923206155953,0
-9.123881591081016,5.563358852638605,0
-2.3871714463716023,3.2661590151282276,1
-3.200808506773953,3.4873919749140554,1
-10.181426715820685,5.061027249917429,0
-8.424683551507458,6.295633661092237,0
-7.463084504792492,5.874714566355213,0
-9.612368958607046,4.045790422457741,0
-6.008783140470632,1.8486815544793895,0
-8.842119244432237,7.190269779911423,0
-2.233133110971287,5.935439804103862,1
-7.007853472227784,4.276441200879206,0
-3.5019760769851103,3.310232069334905,1
-6.784316933857594,6.503787826606143,0
-7.390225173505406,4.673210946338176,0
-7.459777795970123,7.024271463171512,0
-6.7614629411721605,4.532839330047364,0
-3.281667571472923,3.992374607029763,1
-10.713719029825477,6.57690561451375,0
-2.39297576438094,5.42893444832909,1
-9.349538500091308,5.306110843730696,0
-5.438894084412356,7.036310484232769,0
-4.456535999554841,6.358569733023106,0
-3.3820561368294526,4.5747889594030875,1
-5.550455550456308,7.182145325047575,1
-10.360881706429186,6.910394914974408,0
-2.4020887107752324,6.026812539190433,1
-8.825025419738457,5.234771605192211,0
1.4685592554296498,5.037185335915941,1
-7.174465909055391,8.388189762044476,0
-7.731361376906467,4.320718388305531,0
-6.454013039362116,5.44898169641791,0
-0.4360890800671885,2.504452776202143,1
-1.3080272095254188,4.084447123294792,1
-9.010134279554602,6.7887970216472855,0
-7.042453240595572,6.651209238461003,0
-1.1117551835143569,4.838163465706506,1
-9.930751649332318,5.882963538217532,0
1.9770097339058843,4.905154983735143,1
-0.5652200142157683,4.209935031358504,1
0.4654474429909854,2.2883157587679404,1
-9.713131956350841,4.291658926694945,0
-1.169049876335993,6.017844938864696,1
0.6297244348130802,5.156474499782013,1
-1.4012895107401186,5.087223343452608,1
-9.279021387274609,6.620956910248779,0
-6.579237133664131,4.124141911164708,0
-2.0286731127237996,4.924603980701177,1
-8.60681390193623,5.71438813861834,0
-9.28552587585561,5.388392131739437,0
-1.0234674985546006,3.895141895844412,1
-1.4211057742525444,3.603671243953317,1
-10.526011195547442,8.280467995666946,0
-6.4747362481380515,0.6756224610195485,0
-9.474943572175096,7.22624068458642,0
-10.082333128372355,5.041561246843076,0
-10.13804391457717,5.634820592672991,0
-12.767629039280534,3.1427052298756726,0
-1.5630354093041172,5.114543263750252,1
-7.320799477591102,8.136157039697816,0
-2.704398640524575,4.8103788455683825,1
-1.5995740412664738,7.937016277519611,1
-8.346639459608864,6.435850339313703,0
-4.723338898494124,1.7670874573730537,1
1.524949638876913,5.240933731297018,1
-6.794799733571649,4.932016935170263,0
-8.784492315756225,3.7437024466453455,0
-7.5365784642261175,3.043883343573272,0
-7.942675467739259,6.774418379806068,0
-0.09673533047656524,5.754932692018023,1
-8.277998921015913,4.76865056522623,0
-1.5153661285671909,3.9053612385454883,1
-6.6437326484477435,2.8831966431645024,0
-0.987239200295924,4.163587201768946,1
-4.344195380868222,5.946940761175355,0
0.5586779735093572,2.4049174827164506,1
-2.077187210068328,3.4515641281432985,1
-0.02919848959287119,2.6066623183077366,1
-8.390347023116332,5.378064251901989,0
-10.775894682662816,3.73225186537814,0
-0.7352934579182471,5.435791073531066,1
3.018283886394964,3.61452076726114,1
0.3594970004994966,3.5096520782078313,1
-1.273058704784016,6.05400151032802,1
-1.2372988164644008,5.139127471281631,1
-0.4872958372954943,3.0764172105061096,1
-2.2956978721233767,7.906553673821389,1
-6.942873889136076,0.9492062643162198,0
-0.12022231815740958,5.619007425384821,1
-1.7797956586979127,6.107747569846114,1
-1.157698182066501,3.0811754926833372,1
-2.915127588638711,5.236034383767458,1
-0.13611350888509333,3.775187028504001,1
-7.9345335387596885,7.192953677058072,0
-5.34340159751452,1.998965894237978,0
-2.7229872250726492,5.052266286825005,1
